line_cd,company_cd,line_name,line_name_k,line_name_h,line_color_c,line_color_t,line_type,lon,lat,zoom,e_status,e_sort
1011,1,北海道新幹線,ホッカイドウシンカンセン,北海道新幹線,,,,140.64422607421900,42.094146370922700,7,0,1011
11101,1,JR函館本線(函館～長万部),ハコダテホンセン,JR函館本線(函館～長万部),#0072BC,,,140.4833696755390,42.23981411231520,9,0,11101
11102,1,JR函館本線(長万部～小樽),ハコダテホンセン,JR函館本線(長万部～小樽),#ED1C23,,,140.64288780797800,42.919910231257600,9,0,11102
11103,1,JR函館本線(小樽～旭川),ハコダテホンセン,JR函館本線(小樽～旭川),#F7931D,,,141.69791081566100,43.41509739716940,9,0,11103
11104,1,JR室蘭本線(長万部・室蘭～苫小牧),ムロランホンセン,JR室蘭本線(長万部・室蘭～苫小牧),#0072BC,,,141.00639370749400,42.570716742880600,9,0,11104
11105,1,JR室蘭本線(苫小牧～岩見沢),ムロランホンセン,JR室蘭本線(苫小牧～岩見沢),#0072BC,,,141.74449907924200,42.93841714361780,10,0,11105
11106,1,JR根室本線(滝川～新得),ネムロホンセン,JR根室本線(滝川～新得),#8CC63E,,,142.33553315885800,43.35975106210290,10,0,11106
11107,1,JR根室本線(新得～釧路),ネムロホンセン,JR根室本線(新得～釧路),#8CC63E,,,143.56474408569,42.965674701143000,9,0,11107
11108,1,花咲線,ハナサキセン,JR根室本線(釧路～根室),#8CC63E,,,145.06428821168300,43.127554624234800,9,0,11108
11109,1,JR千歳線,チトセセン,JR千歳線,#00B2EB,,,141.56756876161400,42.88585086761010,10,0,11109
11110,1,JR石勝線,セキショウセン,JR石勝線,#8CC63E,,,142.1208103432330,42.97760967295120,9,0,11110
11111,1,JR日高本線,ヒダカホンセン,JR日高本線,,,,142.18922815000000,42.43948997730970,9,0,11111
11112,1,JR札沼線,サッショウセン,JR札沼線,#00A54F,,,141.6575100609380,43.33044877643190,10,0,11112
11113,1,JR留萌本線,ルモイホンセン,JR留萌本線,,,,141.76379195252100,43.84733116708820,10,0,11113
11114,1,JR富良野線,フラノセン,JR富良野線,#AA5EA6,,,142.42933338107800,43.60983839136590,10,0,11114
11115,1,JR宗谷本線,ソウヤホンセン,JR宗谷本線,#954A35,,,142.22561395814,44.65872969562160,8,0,11115
11116,1,JR石北本線,セキホクホンセン,JR石北本線,#F7931D,,,143.36294609598500,43.96138769857780,8,0,11116
11117,1,JR釧網本線,センモウホンセン,JR釧網本線,#EF59A1,,,144.43376556585200,43.52373901301900,9,0,11117
11118,1,JR海峡線,カイキョウセン,JR海峡線,,,,140.32904703906300,41.36657456566200,9,0,11118
11119,1,JR江差線,エサシセン,JR江差線,,,,140.4168208243980,41.77538189770950,10,2,11119
1004,2,東北新幹線,トウホクシンカンセン,東北新幹線,,,,140.76319219429,38.27426693928410,7,0,1004
1005,2,上越新幹線,ジョウエツシンカンセン,上越新幹線,,,,139.12148795051700,36.798564726932200,8,0,1005
1006,2,上越新幹線(ガーラ湯沢支線),ジョウエツシンカンセン,上越新幹線(ガーラ湯沢支線),,,,138.80325037829600,36.9428821124426,14,0,1006
1007,2,山形新幹線,ヤマガタシンカンセン,山形新幹線,,,,140.16847776151000,37.58820880985220,8,0,1007
1008,2,秋田新幹線,アキタシンカンセン,秋田新幹線,,,,140.36225377377500,37.75728895294480,7,0,1008
1009,2,北陸新幹線,ホクリクシンカンセン,北陸新幹線,,,,138.0356976762410,36.18598137398550,8,0,1009
11201,2,JR東北本線(八戸～青森),トウホクホンセン,JR東北本線(八戸～青森),#3cb371,,,141.14722775976600,40.69791852440820,10,2,11201
11202,2,JR奥羽本線(新庄～青森),オウウホンセン,JR奥羽本線(新庄～青森),#ee7b28,,,140.44271734754,39.922270662793800,8,0,11202
11231,2,JR東北本線(黒磯～利府・盛岡),トウホクホンセン,JR東北本線(黒磯～利府・盛岡),#3cb371,,,140.8981248701280,38.46142403678100,8,0,11202
11203,2,はまなすベイライン大湊線,ハマナスベイラインオオミナトセン,JR大湊線,#ffd700,,,141.2341888746410,41.07704832867050,10,0,11203
11204,2,JR五能線,ゴノウセン,JR五能線,#0000ff,,,140.15359998564700,40.62248823623600,9,0,11204
11205,2,JR津軽線,ツガルセン,JR津軽線,#15a2c4,,,140.63796429123400,40.99724897538400,10,0,11205
11206,2,JR八戸線,ハチノヘセン,JR八戸線,#ff0000,,,141.70193442265600,40.40264308249760,10,0,11206
11207,2,JR岩泉線,イワイズミセン,JR岩泉線,#808080,,,141.7110906929230,39.75256666187470,11,2,11207
11208,2,ドラゴンレール大船渡線,ドラゴンレールオオフナトセン,JR大船渡線,#ffa500,,,141.47242982203100,38.9616406875796,10,0,11208
11209,2,銀河ドリームライン釜石線,ギンガドリームラインカマイシセン,JR釜石線,#3399ff,,,141.52791235221700,39.326364547483000,10,0,11209
11210,2,JR北上線,キタカミセン,JR北上線,#851a72,,,140.8466239225640,39.30471878961480,10,0,11210
11211,2,JR田沢湖線,タザワコセン,JR田沢湖線,#9d72b0,,,140.7685672041630,39.69344849769620,10,0,11211
11212,2,十和田八幡平四季彩ライン,トワダハチマンタイシキサイライン,JR花輪線,#aa1e30,,,140.84534883051400,40.13373142935390,10,0,11212
11213,2,JR山田線,ヤマダセン,JR山田線,#a52a2a,,,141.66678736171900,39.59692921568170,9,0,11213
11214,2,JR羽越本線,ウエツホンセン,JR羽越本線,#16c0e9,,,139.76178034192400,38.73294117260260,8,0,11214
11215,2,JR男鹿線,オガセン,JR男鹿線,#008000,,,139.95867900531900,39.892399877362000,11,0,11215
11216,2,山形線,ヤマガタセン,JR奥羽本線(福島～新庄),#ee7b28,,,140.2833536760090,38.30771536001520,9,0,11216
11217,2,JR仙山線,センザンセン,JR仙山線,#77dd00,,,140.59961861487600,38.31470034676920,10,0,11217
11218,2,フルーツライン左沢線,フルーツラインアテラザワセン,JR左沢線,#0073bf,,,140.28080951725600,38.33565072948380,12,0,11218
11219,2,JR米坂線,ヨネサカセン,JR米坂線,#9e7eb9,,,139.77035691875000,38.04498397385660,10,0,11219
11220,2,奥の細道最上川ライン,オクノホソミチモガミガワライン,JR陸羽西線,#6fbf7f,,,140.09618463593800,38.75534124228890,10,0,11220
11221,2,奥の細道湯けむりライン,オクノホソミチユケムリライン,JR陸羽東線,#888888,,,140.68130433846600,38.7300397194844,10,0,11221
11222,2,JR仙石線,センセキセン,JR仙石線,#00aaee,,,141.0726418099180,38.36634215831960,11,0,11222
11223,2,JR石巻線,イシノマキセン,JR石巻線,#ed77a4,,,141.2522991796880,38.4868684902762,11,0,11223
11224,2,JR気仙沼線,ケセンヌマセン,JR気仙沼線,#6600cc,,,141.4644575791480,38.696179754212200,10,0,11224
11225,2,JR磐越西線(郡山～会津若松),バンエツサイセン,JR磐越西線(郡山～会津若松),#cb7b35,,,140.13079052057600,37.51773392643220,10,0,11225
11226,2,森と水とロマンの鉄道,モリトミズトロマンノテツドウ,JR磐越西線(森と水とロマンの鉄道),#cb7b35,,,139.479249359375,37.686232458284700,9,0,11226
11227,2,JR只見線,タダミセン,JR只見線,#008dd1,,,139.44780738877600,37.39176461731700,9,0,11227
11228,2,ゆうゆうあぶくまライン,ユウユウアブクマライン,JR磐越東線,#c71585,,,140.64261227539100,37.26977723900090,10,0,11228
11229,2,JR常磐線(取手～いわき),ジョウバンセン,JR常磐線(取手～いわき),#339966,,,140.5188743525710,36.51900405922110,9,0,11229
11230,2,JR常磐線(いわき～仙台),ジョウバンセン,JR常磐線(いわき～仙台),#339966,,,140.9334199303760,37.66155605255590,9,0,11230
11301,2,JR東海道本線(東京～熱海),トウカイドウホンセン,JR東海道本線(東京～熱海),#F57615,,,139.4302441326310,35.39507962341530,10,0,11301
11302,2,JR山手線,ヤマノテセン,JR山手線,#99cc00,,,139.73522275686300,35.69302730762990,12,0,11302
11303,2,JR南武線,ナンブセン,JR南武線,#ffd600,,,139.5621831285030,35.62126801796460,11,0,11303
11304,2,JR鶴見線,ツルミセン,JR鶴見線,#ffd400,,,139.6973422022630,35.50322701541730,13,0,11304
11305,2,JR武蔵野線,ムサシノセン,JR武蔵野線,#ff4500,,,139.70511311944200,35.80257707692300,10,0,11305
11306,2,JR横浜線,ヨコハマセン,JR横浜線,#00bae8,,,139.4711185,35.56100410614940,11,0,11306
11307,2,JR根岸線,ネギシセン,JR根岸線,#00bae8,,,139.59867881738300,35.414845593462200,12,0,11307
11308,2,JR横須賀線,ヨコスカセン,JR横須賀線,#007ac0,,,139.64761859128500,35.48340539219030,10,0,11308
11309,2,JR相模線,サガミセン,JR相模線,#009793,,,139.36780165863900,35.483174930602100,11,0,11309
11311,2,JR中央本線(東京～塩尻),チュウオウホンセン,JR中央本線(東京～塩尻),#007ac0,,,138.61735796977700,35.77036733659980,9,0,11311
11312,2,JR中央線(快速),チュウオウセン,JR中央線(快速),#f15a22,,,139.53798847265600,35.7001704211487,10,0,11312
11313,2,JR中央・総武線,チュウオウ・ソウブセン,JR中央・総武緩行線,#ffd400,,,139.8371552268120,35.701641362335200,10,0,11313
11314,2,JR総武本線,ソウブホンセン,JR総武本線,#ffd400,,,140.25466124558900,35.68790263001850,9,0,11314
11315,2,JR青梅線,オウメセン,JR青梅線,#f15a22,,,139.2400413547660,35.782572650078500,11,0,11315
11316,2,JR五日市線,イツカイチセン,JR五日市線,#f15a22,,,139.29165743387600,35.725830442825900,12,0,11316
11317,2,JR八高線(八王子～高麗川),ハチコウセン,JR八高線(八王子～高麗川),#a8a39d,,,139.33299376182300,35.78050242395000,11,0,11317
11318,2,JR八高線(高麗川～高崎),ハチコウセン,JR八高線(高麗川～高崎),#a8a39d,,,139.17965333593700,36.12104162150660,10,0,11318
11319,2,JR宇都宮線,ウツノミヤセン,JR東北本線,#f68b1e,,,139.8464030031990,36.379439240800800,9,0,11319
11320,2,JR常磐線(上野～取手),ジョウバンセン,JR常磐線(上野～取手),"#339966,#0067c0",,,139.92381250144100,35.8197193273695,11,0,11320
11321,2,JR埼京線,サイキョウセン,JR埼京線,#00ac9a,,,139.61820154055000,35.80319581571330,11,0,11321
11322,2,JR川越線,カワゴエセン,JR川越線,#00ac9a,,,139.46934263476600,35.90961045562880,11,0,11322
11323,2,JR高崎線,タカサキセン,JR高崎線,#f68b1e,,,139.45218074609400,36.09573564081420,9,0,11323
11324,2,JR外房線,ソトボウセン,JR外房線,#dc4532,,,140.27983028045700,35.34873907407400,10,0,11324
11325,2,JR内房線,ウチボウセン,JR内房線,#00b2e5,,,139.94808075585900,35.29328826834760,9,0,11325
11326,2,JR京葉線,ケイヨウセン,JR京葉線,#c9252f,,,139.9361100290790,35.643649620088500,11,0,11326
11327,2,JR成田線,ナリタセン,JR成田線,#339966,,,140.37238841518,35.86276465962150,10,0,11327
11328,2,JR成田エクスプレス,ナリタエクスプレス,JR成田エクスプレス,#00b261,,,139.7571982434860,35.692120917755400,9,0,11328
11329,2,JR鹿島線,カシマセン,JR鹿島線,#cc6633,,,140.56469727510900,35.942684415907000,12,0,11329
11330,2,JR久留里線,クルリセン,JR久留里線,#00b5ad,,,140.04649970912500,35.350677697393900,11,0,11330
11331,2,JR東金線,トウガネセン,JR東金線,#f15f2b,,,140.36805862753900,35.56232865844530,12,0,11331
11332,2,JR京浜東北線,ケイヒントウホクセン,JR京浜東北線,#00bae8,,,139.6425120970630,35.63929555924290,10,0,11332
11333,2,JR湘南新宿ライン,ショウナンシンジュクライン,JR湘南新宿ライン,#e21f26,,,139.62294366432600,35.65739974071940,10,0,11333
11343,2,上野東京ライン,ウエノトウキョウライン,上野東京ライン,#91278F,,,139.7721004486080,35.69745580725800,14,0,11333
11334,2,JR烏山線,カラスヤマセン,JR烏山線,#339966,,,140.06497854492200,36.65874003350970,12,0,11334
11335,2,JR吾妻線,アヅマセン,JR吾妻線,#0f5474,,,138.79130356098300,36.55204126285840,10,0,11335
11337,2,JR信越本線,シンエツホンセン,JR信越本線,"#99cc00,#00aaee",,,138.88077508398400,36.33038233956760,11,0,11337
11338,2,JR水郡線,スイグンセン,JR水郡線,#368c44,,,140.46215357133500,36.922047433179000,9,0,11338
11339,2,JR水戸線,ミトセン,JR水戸線,#3333ff,,,140.05132073046900,36.33356508850500,10,0,11339
11340,2,JR日光線,ニッコウセン,JR日光線,#880033,,,139.75294070367900,36.636143451156300,11,0,11340
11341,2,JR両毛線,リョウモウセン,JR両毛線,#ffd400,,,139.3878799737740,36.35677394979150,10,0,11341
11342,2,JR上越線,ジョウエツセン,JR上越線,#00b3e6,,,138.8924192126730,36.91538659975820,9,0,11342
11401,2,八ヶ岳高原線,ヤツガダケコウゲンセン,JR小海線,#41934c,,,138.43948118176400,36.0916970903097,10,0,11401
11403,2,JR信越本線(篠ノ井～長野),シンエツホンセン,JR信越本線(篠ノ井～長野),#99cc00,,,138.1598162697630,36.608595973876,12,0,11403
11404,2,JR信越本線(直江津～新潟),シンエツホンセン,JR信越本線(直江津～新潟),#00aaee,,,138.75954524069700,37.51108174200140,9,0,11404
11406,2,JR白新線,ハクシンセン,JR白新線,#f380b7,,,139.19047126289100,37.92400720625350,11,0,11406
11407,2,JR飯山線,イイヤマセン,JR飯山線,#7bc24c,,,138.54173229090200,36.984460109833000,10,0,11407
11408,2,JR越後線,エチゴセン,JR越後線,#40934b,,,138.83400027539100,37.62674856772200,10,0,11408
11409,2,北アルプス線,キタアルプスセン,JR大糸線,#9370db,,,137.8735087168880,36.67612787325370,9,0,11409
11410,2,JR弥彦線,ヤヒコセン,JR弥彦線,#922790,,,138.90443525195300,37.67331836340110,12,0,11410
11412,2,JR篠ノ井線,シノノイセン,JR篠ノ井線,#d56a29,,,138.01727743710900,36.38422475016290,10,0,11412
11504,2,JR伊東線,イトウセン,JR伊東線,#378640,,,139.06965506608400,35.047592333333,12,0,11504
1001,3,中央新幹線,チュウオウシンカンセン,中央新幹線,,,,137.493896484375,35.411438052435500,8,1,1001
1002,3,東海道新幹線,トウカイドウシンカンセン,東海道新幹線,,,,137.72148868199000,35.144121935482800,7,0,1002
11402,3,JR身延線,ミノブセン,JR身延線,#6F2D98,,,138.53239703334900,35.39216323856450,10,0,11402
11411,3,JR中央本線(名古屋～塩尻),チュウオウホンセン,JR中央本線(名古屋～塩尻),#3B6C9C,,,137.46849197656300,35.66247110005530,9,0,11411
11413,3,JR飯田線(豊橋～天竜峡),イイダセン,JR飯田線(豊橋～天竜峡),#75A2DB,,,137.6689493601430,35.12564790559260,10,0,11413
11414,3,JR飯田線(天竜峡～辰野),イイダセン,JR飯田線(天竜峡～辰野),#75A2DB,,,137.89863526278500,35.75990218108240,10,0,11414
11416,3,JR高山本線,タカヤマホンセン,JR高山本線,#9C1618,,,137.1437386815490,36.035069783538800,9,0,11416
11501,3,JR東海道本線(熱海～浜松),トウカイドウホンセン,JR東海道本線(熱海～浜松),#F57615,,,138.38880977711800,34.949097324956700,9,0,11501
11502,3,JR東海道本線(浜松～岐阜),トウカイドウホンセン,JR東海道本線(浜松～岐阜),#F57615,,,137.1291849678940,35.04642182848140,9,0,11502
11503,3,JR東海道本線(岐阜～美濃赤坂・米原),トウカイドウホンセン,JR東海道本線(岐阜～美濃赤坂・米原),#F57615,,,136.5281548346390,35.36362897450480,10,0,11503
11505,3,JR御殿場線,ゴテンバセン,JR御殿場線,#40743C,,,139.03314251228800,35.22246076820870,11,0,11505
11506,3,JR武豊線,タケトヨセン,JR武豊線,#83502F,,,136.9586884095700,34.93257926823000,12,0,11506
11507,3,JR太多線,タイタセン,JR太多線,#BFBA2F,,,137.06259225390600,35.391158361729300,12,0,11507
11508,3,JR関西本線(名古屋～亀山),カンサイホンセン,JR関西本線(名古屋～亀山),#3DBC87,,,136.63931487543600,35.03333933439650,10,0,11508
11510,3,JR紀勢本線,キセイホンセン,JR紀勢本線,,,,136.28726192744600,34.321543953291600,9,0,11510
11512,3,JR参宮線,サングウセン,JR参宮線,,,,136.69878007155800,34.495826004110700,11,0,11512
11513,3,JR名松線,メイショウセン,JR名松線,,,,136.38817526784200,34.60028531549940,11,0,11513
1003,4,山陽新幹線,サンヨウシンカンセン,山陽新幹線,,,,133.14789611678000,34.41933769953400,7,0,1003
11405,4,JR北陸本線(富山～直江津),ホクリクホンセン,JR北陸本線(富山～直江津),#00aaee,,,137.71850056770500,37.01500893103370,9,2,11405
11415,4,JR北陸本線(米原～金沢),ホクリクホンセン,JR北陸本線(米原～金沢),#0071be,,,136.44251036385100,36.33393305788950,8,0,11415
11417,4,JR城端線,ジョウハナセン,JR城端線,,,,136.96308006077500,36.64686112744870,11,0,11417
11418,4,JR氷見線,ヒミセン,JR氷見線,,,,137.01678700585900,36.806026512521200,12,0,11418
11419,4,JR七尾線,ナナオセン,JR七尾線,,,,136.79162707187500,36.88072240126650,10,0,11419
11420,4,敦賀港線,ツルガコウセン,JR北陸本線(敦賀～敦賀港),#0071be,,,136.07553333862300,35.65634920560600,14,2,11420
11421,4,九頭竜線,クズリュウセン,JR越美北線,,,,136.44131139538,35.99858408702140,10,0,11421
11422,4,JR小浜線,オバマセン,JR小浜線,,,,135.74181843293900,35.530155481603600,10,0,11422
11509,4,JR関西本線(亀山～加茂),カンサイホンセン,JR関西本線(亀山～加茂),#3DBC87,,,136.17498940495100,34.80143441666700,10,0,11509
11511,4,JR草津線,クサツセン,JR草津線,#60ad3b,,,136.10452457989900,34.964585740522500,11,0,11511
11601,4,琵琶湖線,ビワコセン,JR東海道本線(米原～京都),#F57615,,,136.0951368726560,35.11930882700300,10,0,11601
11602,4,JR京都線,キョウトセン,JR東海道本線(京都～大阪),#F57615,,,135.495188,34.702398,11,0,11602
11603,4,JR神戸線(大阪～神戸),コウベセン,JR東海道本線(大阪～神戸),#F57615,,,135.33472853125,34.72876179054990,11,0,11603
11605,4,JR湖西線,コセイセン,JR湖西線,#00a7e3,,,135.9648814007490,35.24644582567940,10,0,11605
11607,4,大和路線,ヤマトジセン,JR関西本線(加茂～ＪＲ難波),#00a469,,,135.67741585635600,34.650433785558800,11,0,11607
11608,4,JR神戸線(神戸～姫路),コウベセン,JR山陽本線(神戸～姫路),#0071be,,,134.9283386608640,34.71997139040550,10,0,11608
11609,4,JR山陽本線(姫路～岡山),サンヨウホンセン,JR山陽本線(姫路～岡山),#b5d100,,,134.24621069356800,34.81352155727210,10,0,11609
11610,4,JR山陽本線(岡山～三原),サンヨウホンセン,JR山陽本線(岡山～三原),#b5d100,,,133.56375767656300,34.52304140000000,10,0,11610
11611,4,JR山陽本線(三原～岩国),サンヨウホンセン,JR山陽本線(三原～岩国),#b5d100,,,132.54979970851500,34.3865014014232,10,0,11611
11612,4,JR山陽本線(岩国～門司),サンヨウホンセン,JR山陽本線(岩国～門司),#b5d100,,,131.60634280321000,34.07166445090380,9,0,11612
11613,4,JR山陽本線(兵庫～和田岬),サンヨウホンセン,JR山陽本線(兵庫～和田岬),#b5d100,,,135.16794204760700,34.66577551629850,14,0,11613
11614,4,嵯峨野線,サガノセン,JR山陰本線(京都～園部),#7c86c1,,,135.6041556643260,35.053071042585800,11,0,11614
11615,4,JR山陰本線(園部～豊岡),サンインホンセン,JR山陰本線(園部～豊岡),#7e733d,,,135.08868444921900,35.326094572618100,10,0,11615
11616,4,JR山陰本線(豊岡～米子),サンインホンセン,JR山陰本線(豊岡～米子),#7e733d,,,134.02090215811200,35.52182860276670,9,0,11616
11617,4,学研都市線,ガッケントシセン,JR片町線,#e73082,,,135.69016458203100,34.75999839811900,11,0,11617
11618,4,奈良線,ナラセン,奈良線,#008000,,,135.78643415866600,34.83402323095910,11,0,11618
11622,4,JR舞鶴線,マイヅルセン,JR舞鶴線,#f5a200,,,135.27931377256500,35.36774423769480,11,0,11622
11623,4,大阪環状線,オオサカカンジョウセン,大阪環状線,#e73042,,,135.50218918654700,34.6815414311555,13,0,11623
11624,4,JRゆめ咲線,ユメサキセン,JR桜島線,#0a318e,,,135.4474451865230,34.67404443238090,13,0,11624
11625,4,JR東西線,トウザイセン,JR東西線,#e73082,,,135.47296650254500,34.70792547579640,13,0,11625
11626,4,阪和線(天王寺～和歌山),ハンワセン,阪和線(天王寺～和歌山),#f5a200,,,135.40119375346100,34.461540982279700,10,0,11626
11627,4,羽衣線,ハゴロモセン,阪和線(鳳～東羽衣),#f5a200,,,135.44957737036100,34.53405856707460,14,0,11627
11628,4,JR関西空港線,カンサイクウコウセン,JR関西空港線,#0071be,,,135.28886841796900,34.415185002847100,12,0,11628
11629,4,JR宝塚線,タカラヅカセン,JR福知山線(新大阪～篠山口),#fcc800,,,135.34443493104800,34.869892901767800,10,0,11629
11630,4,福知山線(篠山口～福知山),フクチヤマセン,福知山線(篠山口～福知山),#fcc800,,,135.10557603593700,35.16077076962340,11,0,11630
11631,4,JR赤穂線,アコウセン,JR赤穂線,#0071be,,,134.19749321945800,34.74727447707280,10,0,11631
11632,4,JR加古川線,カコガワセン,JR加古川線,#00a684,,,134.95252260319300,34.937080097765700,11,0,11632
11633,4,JR姫新線(姫路～佐用),キシンセン,JR姫新線(姫路～佐用),#e9451b,,,134.5265431282520,34.925861603836700,11,0,11633
11634,4,JR姫新線(佐用～新見),キシンセン,JR姫新線(佐用～新見),#e9451b,,,133.88053953968800,35.05024080385130,10,0,11634
11635,4,JR播但線,バンタンセン,JR播但線,#b1184b,,,134.76405417729800,35.11319295999240,10,0,11635
11636,4,JR和歌山線,ワカヤマセン,JR和歌山線,#f3a8be,,,135.55708161653300,34.36363683433040,10,0,11636
11637,4,万葉まほろば線,マンヨウマホロバセン,桜井線,,,,135.80071228557900,34.58068954514850,12,0,11637
11639,4,きのくに線,キノクニセン,JR紀勢本線(新宮～和歌山),#00a6bf,,,135.42717545992600,33.8318362763193,9,0,11639
11640,4,紀勢本線(和歌山～和歌山市),キセイホンセン,紀勢本線(和歌山～和歌山市),,,,135.17833371427700,34.23803306849790,14,0,11640
11641,4,おおさか東線,オオサカヒガシセン,おおさか東線,#3b7293,,,135.57427154498700,34.6569679065075,13,0,11641
11701,4,JR山陰本線(米子～益田),サンインホンセン,JR山陰本線(米子～益田),#f26122,,,132.56106754653,35.207310237832800,9,0,11701
11702,4,JR山陰本線(益田～下関),サンインホンセン,JR山陰本線(益田～下関),#7e733d,,,131.27266657109400,34.359406605350400,9,0,11702
11703,4,JR伯備線,ハクビセン,JR伯備線,"#35934a,#008000",,,133.4956230323160,35.05328907628890,9,0,11703
11704,4,JR因美線,インビセン,JR因美線,#ba7c32,,,134.15001556289100,35.26468997449500,10,0,11704
11705,4,JR境線,サカイセン,JR境線,#0066b3,,,133.26253975683600,35.48805798426350,12,0,11705
11706,4,JR木次線,キスキセン,JR木次線,#ffc20e,,,133.0214796323760,35.19925146242540,11,0,11706
11707,4,JR三江線,サンコウセン,JR三江線,#00b2e5,,,132.56298278822700,34.94301166412020,10,2,11707
11708,4,JR山口線,ヤマグチセン,JR山口線,#ed6d46,,,131.47348476743700,34.34664277172910,10,0,11708
11709,4,JR宇野線,ウノセン,JR宇野線,#84ccce,,,133.91319936002900,34.575841133333,12,0,11709
11710,4,瀬戸大橋線,セトオオハシセン,JR本四備讃線,#0072BA,,,133.80943996289100,34.45427589348770,11,0,11710
11713,4,JR吉備線,キビセン,JR吉備線,#f3aaba,,,133.82726757246100,34.681156069560700,12,0,11713
11714,4,JR芸備線,ゲイビセン,JR芸備線,#947eb8,,,132.92164288638100,34.77393016298860,9,0,11714
11715,4,JR津山線,ツヤマセン,JR津山線,#fbc200,,,133.92270229112900,34.89119811118180,10,0,11715
11716,4,JR呉線,クレセン,JR呉線,#d28b0e,,,132.77973932812500,34.38727695792690,10,0,11716
11717,4,JR可部線,カベセン,JR可部線,#09c0b0,,,132.47781461538,34.458222540776700,12,0,11717
11720,4,JR福塩線,フクエンセン,JR福塩線,#413993,,,133.12978408112300,34.63826629435400,10,0,11720
11721,4,JR宇部線,ウベセン,JR宇部線,#b1184b,,,131.30267582009400,34.01935294649800,11,0,11721
11722,4,JR美祢線,ミネセン,JR美祢線,#d60077,,,131.18069311027900,34.23328101840960,11,0,11722
11723,4,JR小野田線,オノダセン,JR小野田線,#6856a3,,,131.19368612434600,33.97855544704830,12,0,11723
11724,4,JR岩徳線,ガントクセン,JR岩徳線,#00a663,,,132.05697608203100,34.093477630991600,11,0,11724
11901,4,JR博多南線,ハカタミナミセン,JR博多南線,#0b318e,,,130.42880950000000,33.56485012227770,12,0,11901
11801,5,JR土讃線,ドサンセン,JR土讃線,#E25885,,,133.5702572626780,33.76640013004780,9,0,11801
11802,5,JR高徳線,コウトクセン,JR高徳線,#99CC00,,,134.3105839707690,34.249541132659700,10,0,11802
11803,5,よしの川ブルーライン,ヨシノガワブルーライン,JR徳島線,#008080,,,134.15180845056900,34.04872232965600,10,0,11803
11804,5,JR牟岐線,ムギセン,JR牟岐線,#00FFFF,,,134.50842286054700,33.839964753816700,10,0,11804
11805,5,JR鳴門線,ナルトセン,JR鳴門線,#993366,,,134.5684284179690,34.16377798184310,13,0,11805
11806,5,JR予讃線,ヨサンセン,JR予讃線,#98A9D6,,,133.36265926932300,34.1929917675124,9,0,11806
11807,5,JR予讃・内子線,ヨサン・ウチコセン,JR予讃・内子線,#FF9900,,,132.58951682500000,33.55703537480220,10,0,11807
11808,5,しまんとグリーンライン,シマントグリーンライン,JR予土線,#339966,,,132.82238446661700,33.232871923386100,10,0,11808
1010,6,九州新幹線,キュウシュウシンカンセン,九州新幹線,,,,130.5768237942680,32.794280023118400,8,0,1010
11902,6,JR鹿児島本線(下関・門司港～博多),カゴシマホンセン,JR鹿児島本線(下関・門司港～博多),#EE3D49,,,130.6285375318410,33.836705421057100,10,0,11902
11903,6,JR鹿児島本線(博多～八代),カゴシマホンセン,JR鹿児島本線(博多～八代),#EE3D49,,,130.50630754953100,33.09244601820780,9,0,11903
11904,6,JR鹿児島本線(川内～鹿児島),カゴシマホンセン,JR鹿児島本線(川内～鹿児島),#EE3D49,,,130.36350199190600,31.653348264530100,10,0,11904
11905,6,JR長崎本線(鳥栖～長崎),ナガサキホンセン,JR長崎本線(鳥栖～長崎),#FAAF18,,,130.15215055841200,33.12136017057500,10,0,11905
11906,6,JR日豊本線(門司港～佐伯),ニッポウホンセン,JR日豊本線(門司港～佐伯),#0095D9,,,131.3035515557330,33.554935307059400,9,0,11906
11907,6,JR日豊本線(佐伯～鹿児島中央),ニッポウホンセン,JR日豊本線(佐伯～鹿児島中央),#0095D9,,,131.44721097991500,32.21697833588650,8,0,11907
11908,6,福北ゆたか線,フクホクユタカセン,JR篠栗線,#FAAF18,,,130.5327031627640,33.619909871589000,11,0,11908
11909,6,JR筑肥線(姪浜～西唐津),チクヒセン,JR筑肥線(姪浜～西唐津),#8F3E97,,,130.1294128359380,33.51164936612570,11,0,11909
11910,6,若松線,チクホウセン,JR筑豊本線(若松～折尾),#0095D9,,,130.75212779362300,33.888220228939600,12,0,11910
11911,6,福北ゆたか線(折尾～桂川),フクホクユタカセン,JR筑豊本線(折尾～桂川),#FAAF18,,,130.70611418554700,33.73450091343950,11,0,11911
11912,6,原田線,ハルダセン,JR筑豊本線(桂川～原田),#36B558,,,130.60913221796900,33.52416440000000,12,0,11912
11913,6,ゆふ高原線,ユフコウゲンセン,JR久大本線,#36b558,,,131.03599494330900,33.26206230329550,9,0,11913
11914,6,JR日田彦山線,ヒタヒコサンセン,JR日田彦山線,#b96f30,,,130.8729992288540,33.586902600797100,10,0,11914
11915,6,JR後藤寺線,ゴトウジセン,JR後藤寺線,#8F3E97,,,130.74314741536100,33.638942676083400,12,0,11915
11916,6,海の中道線,ウミノナカミチセン,JR香椎線(西戸崎～香椎),#0095D9,,,130.40419308203100,33.67670942055950,12,0,11916
11917,6,JR香椎線(香椎～宇美),カシイセン,JR香椎線(香椎～宇美),#0095D9,,,130.47290076761800,33.61956046230870,12,0,11917
11918,6,JR佐世保線,サセボセン,JR佐世保線,#36B558,,,129.93997025139900,33.188115656645600,11,0,11918
11920,6,JR筑肥線(西唐津～伊万里),チクヒセン,JR筑肥線(西唐津～伊万里),#8F3E97,,,129.93973570619600,33.37129522314020,11,0,11920
11921,6,JR唐津線,カラツセン,JR唐津線,"#0095D9,#8F3E97",,,130.07740469824200,33.335442702008900,11,0,11921
11922,6,JR大村線,オオムラセン,JR大村線,,,,129.92142406400600,33.0016978478685,11,0,11922
11923,6,阿蘇高原線,アソコウゲンセン,JR豊肥本線,#B96F30,,,131.26213019826800,33.017126643984400,9,0,11923
11924,6,三角線（あまくさみすみ線）,アマクサミスミセン,JR三角線,#0095d9,,,130.5892981230470,32.69144960204070,11,0,11924
11925,6,えびの高原線(八代～吉松),エビノコウゲンセン,JR肥薩線(八代～吉松),#8f3e97,,,130.68331185135400,32.28699731526650,10,0,11925
11926,6,JR肥薩線(吉松～隼人),ヒサツセン,JR肥薩線(吉松～隼人),#8f3e97,,,130.7067464617190,31.890984289007600,11,0,11926
11927,6,JR宮崎空港線,ミヤザキクウコウセン,JR宮崎空港線,#36b558,,,131.4327622910160,31.895343146073100,13,0,11927
11928,6,JR日南線,ニチナンセン,JR日南線,#faaf18,,,131.36265390204300,31.683576551144200,10,0,11928
11929,6,えびの高原線,エビノコウゲンセン,JR吉都線,#36b558,,,130.95640168416900,31.917243912644600,10,0,11929
11930,6,JR指宿枕崎線,イブスキマクラザキセン,JR指宿枕崎線,#faaf18,,,130.50341089279600,31.359999553777000,10,0,11930
21001,11,東武東上線,トウブトウジョウセン,東武東上線,#000099,,,139.4596378608160,35.92121867100330,10,0,21001
21002,11,東武伊勢崎線,トウブイセサキセン,東武伊勢崎線,#ff0000,,,139.49934131661700,36.05676642458760,10,0,21002
21003,11,東武日光線,トウブニッコウセン,東武日光線,#ff9900,,,139.69116016166300,36.44579740499200,9,0,21003
21004,11,東武野田線,トウブノダセン,東武野田線,#33cccc,,,139.89191261825100,35.88791322003920,10,0,21004
21005,11,東武亀戸線,トウブカメイドセン,東武亀戸線,,,,139.8243467565920,35.707951515131100,14,0,21005
21006,11,東武大師線,トウブダイシセン,東武大師線,,,,139.78532285449200,35.77906122777850,15,0,21006
21007,11,東武越生線,トウブオゴセセン,東武越生線,#000099,,,139.34262265478500,35.95321877096070,12,0,21007
21008,11,東武宇都宮線,トウブウツノミヤセン,東武宇都宮線,#ff9900,,,139.81789435188500,36.4837902872465,12,0,21008
21009,11,東武鬼怒川線,トウブキヌガワセン,東武鬼怒川線,#ff9900,,,139.70717357470700,36.798129745501300,12,0,21009
21010,11,東武佐野線,トウブサノセン,東武佐野線,,,,139.56805858144500,36.32886759844370,12,0,21010
21011,11,東武桐生線,トウブキリュウセン,東武桐生線,,,,139.32341258398400,36.36939670757350,12,0,21011
21012,11,東武小泉線,トウブコイズミセン,東武小泉線,,,,139.45065401063800,36.25658592696110,12,0,21012
22001,12,西武池袋線,セイブイケブクロセン,西武池袋線,#F17900,,,139.46789285918400,35.791261736068600,10,0,22001
22002,12,西武秩父線,セイブチチブセン,西武秩父線,#F17900,,,139.20473307155800,35.92170459623050,11,0,22002
22003,12,西武有楽町線,セイブユウラクチョウセン,西武有楽町線,#9370DB,,,139.6675949841310,35.74040400298960,14,0,22003
22004,12,西武豊島線,セイブトシマセン,西武豊島線,#F17900,,,139.65151682275400,35.74004316669750,15,0,22004
22005,12,西武狭山線,セイブサヤマセン,西武狭山線,#F17900,,,139.43924865608400,35.779602472345600,14,0,22005
22006,12,レオライナー,レオライナー,西武山口線,#FF69B4,,,139.4314444179690,35.77056760911250,14,0,22006
22007,12,西武新宿線,セイブシンジュクセン,西武新宿線,#00A6C0,,,139.5308648735160,35.77694687107500,11,0,22007
22008,12,西武拝島線,セイブハイジマセン,西武拝島線,#00A6C0,,,139.41313556738300,35.73286470476110,12,0,22008
22009,12,西武西武園線,セイブセイブエンセン,西武西武園線,#00A6C0,,,139.45737150000000,35.76415058275420,14,0,22009
22010,12,西武国分寺線,セイブコクブンジセン,西武国分寺線,#00BB00,,,139.46774104550800,35.73062820396880,13,0,22010
22011,12,西武多摩湖線,セイブタマコセン,西武多摩湖線,#00A6C0,,,139.46850918520000,35.7410481319452,13,0,22011
22012,12,西武多摩川線,セイブタマガワセン,西武多摩川線,#F17900,,,139.51353168782200,35.67702828078770,13,0,22012
23001,13,京成本線,ケイセイホンセン,京成本線,#3366FF,,,140.07226251112700,35.72628886952880,10,0,23001
23002,13,京成押上線,ケイセイオシアゲセン,京成押上線,#3366FF,,,139.84176579896900,35.737000349715100,13,0,23002
23003,13,京成金町線,ケイセイカナマチセン,京成金町線,,,,139.86858506877000,35.76122200631620,14,0,23003
23004,13,京成千葉線,ケイセイチバセン,京成千葉線,#3366FF,,,140.0661342760740,35.65068344559280,12,0,23004
23005,13,京成千原線,ケイセイチハラセン,京成千原線,,,,140.14014244172800,35.57885231430840,12,0,23005
23006,13,成田スカイアクセス,ナリタスカイアクセス,京成成田空港線,#FF6600,,,140.04557998117600,35.78347470166890,10,0,23006
24001,14,京王線,ケイオウセン,京王線,#dd0077,,,139.53357685914900,35.67836429466230,11,0,24001
24002,14,京王相模原線,ケイオウサガミハラセン,京王相模原線,#dd0077,,,139.4375162167970,35.625847000000000,12,0,24002
24003,14,京王高尾線,ケイオウタカオセン,京王高尾線,#dd0077,,,139.3084367460280,35.64331590360230,13,0,24003
24004,14,京王競馬場線,ケイオウケイバジョウセン,京王競馬場線,#dd0077,,,139.48962301586900,35.668945374044700,14,0,24004
24005,14,京王動物園線,ケイオウドウブツエンセン,京王動物園線,#dd0077,,,139.40999162963900,35.657461750041900,14,0,24005
24006,14,京王井の頭線,ケイオウイノガシラセン,京王井の頭線,#000088,,,139.63498783283300,35.67668499412640,12,0,24006
24007,14,京王新線,ケイオウシンセン,京王新線,#dd0077,,,139.68525052070600,35.6804985281479,14,0,24007
25001,15,小田急線,オダキュウセン,小田急小田原線,#2288CC,,,139.4347753931640,35.528535238628000,11,0,25001
25002,15,小田急江ノ島線,オダキュウエノシマセン,小田急江ノ島線,#2288CC,,,139.44977550160400,35.43574809743090,11,0,25002
25003,15,小田急多摩線,オダキュウタマセン,小田急多摩線,#2288CC,,,139.4602937407230,35.61945834975000,13,0,25003
26001,16,東急東横線,トウキュウトウヨコセン,東急東横線,#da0442,,,139.66832596832700,35.58608048810500,11,0,26001
26002,16,東急目黒線,トウキュウメグロセン,東急目黒線,#009cd2,,,139.67835129424700,35.60375542918130,13,0,26002
26003,16,東急田園都市線,トウキュウデンエントシセン,東急田園都市線,#20a288,,,139.58465916941600,35.58324215005880,11,0,26003
26004,16,東急大井町線,トウキュウオオイマチセン,東急大井町線,#f18c43,,,139.67537624870100,35.60702724307620,12,0,26004
26005,16,東急池上線,トウキュウイケガミセン,東急池上線,#ee86a7,,,139.70623944130900,35.593936510961100,13,0,26005
26006,16,東急多摩川線,トウキュウタマガワセン,東急多摩川線,#AE0378,,,139.68743273015900,35.5724416406283,13,0,26006
26007,16,東急世田谷線,トウキュウセタガヤセン,東急世田谷線,#fcc70d,,,139.6525418613770,35.65319677988150,14,0,26007
26008,16,東急こどもの国線,トウキュウコドモノクニセン,東急こどもの国線,#0068b7,,,139.4878590899220,35.54810975753720,14,0,26008
27001,17,京急本線,ケイキュウホンセン,京急本線,#33c2e4,,,139.66542155593800,35.470013165246200,10,0,27001
27002,17,京急空港線,ケイキュウクウコウセン,京急空港線,#33c2e4,,,139.74978371429000,35.5550012530646,13,0,27002
27003,17,京急大師線,ケイキュウダイシセン,京急大師線,#33c2e4,,,139.7232999893990,35.53569049987190,14,0,27003
27004,17,京急逗子線,ケイキュウズシセン,京急逗子線,#33c2e4,,,139.59885124072300,35.31470434848570,13,0,27004
27005,17,京急久里浜線,ケイキュウクリハマセン,京急久里浜線,#33c2e4,,,139.66828232270200,35.228707904602400,12,0,27005
28001,18,東京メトロ銀座線,ギンザセン,東京メトロ銀座線,#F7931D,オレンジ,,139.75720810526000,35.686460950459100,13,0,28001
28002,18,東京メトロ丸ノ内線,マルノウチセン,東京メトロ丸ノ内線,#E60012,レッド,,139.70043660044500,35.70518513577210,12,0,28002
28003,18,東京メトロ日比谷線,ヒビヤセン,東京メトロ日比谷線,#89A1AD,シルバー,,139.76790012172300,35.69469233873320,12,0,28003
28004,18,東京メトロ東西線,トウザイセン,東京メトロ東西線,#00A7DB,スカイブルー,,139.8154913497140,35.68326532976150,11,0,28004
28005,18,東京メトロ千代田線,チヨダセン,東京メトロ千代田線,#009933,グリーン,,139.7558611955080,35.723011671551100,12,0,28005
28006,18,東京メトロ有楽町線,ユウラクチョウセン,東京メトロ有楽町線,#C5C544,ゴールド,,139.70420434309600,35.73316551916100,11,0,28006
28008,18,東京メトロ半蔵門線,ハンゾウモンセン,東京メトロ半蔵門線,#A757A8,パープル,,139.76522714815600,35.68813210626040,12,0,28008
28009,18,東京メトロ南北線,ナンボクセン,東京メトロ南北線,#00ADA9,エメラルド,,139.73433187075700,35.71029971840750,12,0,28009
28010,18,東京メトロ副都心線,フクトシンセン,東京メトロ副都心線,#BB6633,ブラウン,,139.686663477539,35.731442005432500,12,0,28010
29001,19,相鉄本線,ソウテツホンセン,相鉄本線,#000080,,,139.50914329350900,35.46560374998010,11,0,29001
29002,19,相鉄いずみ野線,ソウテツイズミノセン,相鉄いずみ野線,#000080,,,139.49649288818400,35.431541345897700,13,0,29002
29003,19,相鉄・JR直通線,ソウテツ・ジェイアールチョクツウセン,相鉄新横浜線,#000080,,,139.49649288818400,35.431541345897700,13,0,29003
30001,20,名鉄名古屋本線,メイテツナゴヤホンセン,名鉄名古屋本線,#d12027,,,137.0464890930960,35.09024465530140,10,0,30001
30002,20,名鉄豊川線,メイテツトヨカワセン,名鉄豊川線,#d12027,,,137.36208428144500,34.82916687204690,13,0,30002
30003,20,名鉄西尾線,メイテツニシオセン,名鉄西尾線,#654e9e,,,137.0757899990230,34.89567964566030,11,0,30003
30004,20,名鉄蒲郡線,メイテツガマゴオリセン,名鉄蒲郡線,#654e9e,,,137.1490534628910,34.8301550839259,12,0,30004
30005,20,名鉄三河線,メイテツミカワセン,名鉄三河線,#654e9e,,,137.03974462461700,35.0278917979405,11,0,30005
30006,20,名鉄豊田線,メイテツトヨタセン,名鉄豊田線,"#9eb03a,#ffffff",,,137.09495931738300,35.12029623536200,12,0,30006
30007,20,名鉄空港線,メイテツクウコウセン,名鉄空港線,#1065ab,,,136.82754263493200,34.87838958925190,13,0,30007
30008,20,名鉄常滑線,メイテツトコナメセン,名鉄常滑線,#1065ab,,,136.87202090129400,35.052184094597200,11,0,30008
30009,20,名鉄河和線,メイテツコウワセン,名鉄河和線,"#2a9dd8,#ffffff",,,136.9060465819410,34.92375177491230,11,0,30009
30010,20,名鉄知多新線,メイテツチタシンセン,名鉄知多新線,"#2a9dd8,#ffffff",,,136.88079230957000,34.80481607911710,12,0,30010
30011,20,名鉄築港線,メイテツチッコウセン,名鉄築港線,#727171,,,136.90566317724600,35.0918767965234,14,0,30011
30012,20,名鉄瀬戸線,メイテツセトセン,名鉄瀬戸線,#7c2982,,,136.9925432820310,35.20783035224850,11,0,30012
30013,20,名鉄津島線,メイテツツシマセン,名鉄津島線,"#e85624,#ffffff",,,136.7781820224610,35.198356309027700,12,0,30013
30014,20,名鉄尾西線,メイテツビサイセン,名鉄尾西線,"#e85624,#ffffff",,,136.74435732434700,35.243666720392000,11,0,30014
30015,20,名鉄犬山線,メイテツイヌヤマセン,名鉄犬山線,#018b44,,,136.8898647269530,35.31165711367210,11,0,30015
30016,20,名鉄各務原線,メイテツカカミガハラセン,名鉄各務原線,#018b44,,,136.85325381483700,35.403204284488100,12,0,30016
30017,20,名鉄広見線,メイテツヒロミセン,名鉄広見線,#018b44,,,137.02897624906300,35.417841533605600,12,0,30017
30018,20,名鉄小牧線,メイテツコマキセン,名鉄小牧線,#da5290,,,136.93961329366300,35.296313523646900,12,0,30018
30019,20,犬山モノレール,イヌヤマモノレール,名鉄モンキーパークモノレール線,#018b44,,,136.9511614973590,35.39061782333850,15,2,30019
30020,20,名鉄竹鼻線,メイテツタケハナセン,名鉄竹鼻線,#d7a629,,,136.73250305295300,35.349351079860900,13,0,30020
30021,20,名鉄羽島線,メイテツハシマセン,名鉄羽島線,#d7a629,,,136.693134,35.314049762389700,14,0,30021
31001,21,近鉄難波線,キンテツナンバセン,近鉄難波線,#d21644,,,135.52715820898400,34.663363778757,12,0,31001
31002,21,近鉄橿原線,キンテツカシハラセン,近鉄橿原線,#fab202,,,135.78551050388000,34.59665269430810,11,0,31002
31003,21,近鉄南大阪線,キンテツミナミオオサカセン,近鉄南大阪線,#028e46,,,135.65305195786700,34.57245204572050,11,0,31003
31004,21,近鉄養老線,キンテツヨウロウセン,近鉄養老線,,,,136.63201242347100,35.2592322194577,10,2,31004
31005,21,近鉄大阪線,キンテツオオサカセン,近鉄大阪線,#4694d1,,,135.8720539759080,34.61556505000010,10,0,31005
31006,21,近鉄伊賀線,キンテツイガセン,近鉄伊賀線,,,,136.13928274337000,34.733360528717500,12,2,31006
31007,21,近鉄吉野線,キンテツヨシノセン,近鉄吉野線,#028e46,,,135.79450404101600,34.429439678711300,12,0,31007
31008,21,近鉄湯の山線,キンテツユノヤマセン,近鉄湯の山線,#153f97,,,136.54436416347700,34.99419291150190,12,0,31008
31009,21,近鉄山田線,キンテツヤマダセン,近鉄山田線,#00b3c1,,,136.5903377935230,34.569800408478400,11,0,31009
31010,21,近鉄鳥羽線,キンテツトバセン,近鉄鳥羽線,#00b3c1,,,136.77274584550800,34.48381020039480,12,0,31010
31011,21,近鉄天理線,キンテツテンリセン,近鉄天理線,#fab202,,,135.8037012407230,34.602763000000000,13,0,31011
31012,21,近鉄道明寺線,キンテツドウミョウジセン,近鉄道明寺線,#028e46,,,135.6220293597850,34.58011802058420,14,0,31012
31015,21,近鉄志摩線,キンテツシマセン,近鉄志摩線,#00b3c1,,,136.8269031044920,34.40319761450660,11,0,31015
31016,21,近鉄生駒線,キンテツイコマセン,近鉄生駒線,#d21644,,,135.70291861506800,34.65409575465720,13,0,31016
31017,21,近鉄田原本線,キンテツタワラモトセン,近鉄田原本線,#fab202,,,135.7435140383300,34.57463758454630,13,0,31017
31018,21,近鉄御所線,キンテツゴセセン,近鉄御所線,#028e46,,,135.72487327246100,34.48800185298250,13,0,31018
31019,21,近鉄鈴鹿線,キンテツスズカセン,近鉄鈴鹿線,#153f97,,,136.5827957820310,34.877984989431200,13,0,31019
31020,21,近鉄奈良線,キンテツナラセン,近鉄奈良線,#d21644,,,135.6903788327520,34.68769268005340,11,0,31020
31021,21,近鉄信貴線,キンテツシギセン,近鉄信貴線,#4694d1,,,135.63263404760700,34.62506251662150,14,0,31021
31022,21,近鉄長野線,キンテツナガノセン,近鉄長野線,#028e46,,,135.59867586181600,34.50049474841640,12,0,31022
31023,21,近鉄けいはんな線,キンテツケイハンナセン,近鉄けいはんな線, #32CD32,,,135.67586383007800,34.69894594010990,12,0,31023
31024,21,西信貴ケーブル,ニシシギケーブル,近鉄西信貴鋼索線,#dd9966,,,135.64795600000000,34.61767062824510,15,0,31024
31025,21,近鉄京都線,キンテツキョウトセン,近鉄京都線,#fab202,,,135.78559927915600,34.85398932929530,11,0,31025
31026,21,生駒ケーブル,イコマケーブル,近鉄生駒鋼索線,#dd9966,,,135.68880395239300,34.6858188007975,14,0,31026
31027,21,近鉄名古屋線,キンテツナゴヤセン,近鉄名古屋線,#153f97,,,136.6438729678630,34.94306110501110,10,0,31027
32001,22,南海本線,ナンカイホンセン,南海本線,#0065af,,,135.36203065520100,34.49540979409340,10,0,32001
32002,22,南海空港線,ナンカイクウコウセン,南海空港線,#594bac,,,135.2840674179690,34.423067923727000,12,0,32002
32003,22,南海和歌山港線,ナンカイワカヤマコウセン,南海和歌山港線,#0065af,,,135.1551397089840,34.23138085531330,13,0,32003
32004,22,南海高師浜線,ナンカイタカシノハマセン,南海高師浜線,#0065af,,,135.43873427514700,34.53069292333960,15,0,32004
32005,22,南海加太線,ナンカイカダセン,南海加太線,#0065af,,,135.1256245132360,34.26437499220280,12,0,32005
32006,22,南海多奈川線,ナンカイタナガワセン,南海多奈川線,#0065af,,,135.14480431347700,34.31836786223380,14,0,32006
32007,22,南海高野線,ナンカイコウヤセン,南海高野線,#009a41,,,135.54327309524,34.465338529446900,9,0,32007
32008,22,南海高野山ケーブル,ナンカイコウヤサンケーブル,南海高野山ケーブル,#009a41,,,135.5799343306890,34.231566237600400,15,0,32008
32009,22,南海汐見橋線,ナンカイシオミバシセン,南海汐見橋線,#009a41,,,135.4864026878220,34.6483515937348,13,0,32009
33001,23,京阪本線,ケイハンホンセン,京阪本線,#66cc33,,,135.67056437574500,34.84957679442570,10,0,33001
33002,23,京阪宇治線,ケイハンウジセン,京阪宇治線,#66cc33,,,135.78688991796900,34.91898737500000,13,0,33002
33003,23,京阪交野線,ケイハンカタノセン,京阪交野線,#66cc33,,,135.66786864086900,34.79400315604700,13,0,33003
33004,23,京阪鴨東線,ケイハンオウトウセン,京阪鴨東線,#66cc33,,,135.77218700529300,35.02313233660680,14,0,33004
33005,23,石清水八幡宮参道ケーブル,イワシミズハチマングウサンドウケーブル,京阪鋼索線,#66cc33,,,135.69970633862300,34.883348860758900,16,0,33005
33006,23,京阪石山坂本線,ケイハンイシヤマサカモトセン,京阪石山坂本線,#0099ff,,,135.87368751320900,35.02135481042170,12,0,33006
33007,23,京阪京津線,ケイハンケイシンセン,京阪京津線,#0099ff,,,135.83517567194100,35.00559947799590,13,0,33007
33008,23,京阪中之島線,ケイハンナカノシマセン,京阪中之島線,#66cc33,,,135.50042809311500,34.69339585417950,14,0,33008
34001,24,阪急神戸本線,ハンキュウコウベホンセン,阪急神戸本線,#0000FF,,,135.3535624765630,34.7358189257025,11,0,34001
34002,24,阪急宝塚本線,ハンキュウタカラヅカホンセン,阪急宝塚本線,#FF00CC,,,135.43434710526000,34.78606113792230,12,0,34002
34003,24,阪急京都本線,ハンキュウキョウトホンセン,阪急京都本線,#33CC00,,,135.6107341268840,34.86050585185200,10,0,34003
34004,24,阪急今津線,ハンキュウイマヅセン,阪急今津線,#0000FF,,,135.35466527514700,34.7706920461437,13,0,34004
34005,24,阪急甲陽線,ハンキュウコウヨウセン,阪急甲陽線,#0000FF,,,135.3287615079350,34.752838687945600,14,0,34005
34006,24,阪急伊丹線,ハンキュウイタミセン,阪急伊丹線,#0000FF,,,135.41460476586900,34.77006123301060,14,0,34006
34007,24,阪急箕面線,ハンキュウミノオセン,阪急箕面線,#FF00CC,,,135.460215661377,34.822978505690100,14,0,34007
34008,24,阪急千里線,ハンキュウセンリセン,阪急千里線,#33CC00,,,135.5133936546560,34.77089106011370,12,0,34008
34009,24,阪急嵐山線,ハンキュウアラシヤマセン,阪急嵐山線,#33CC00,,,135.69109537036100,34.9964984899299,14,0,34009
35001,25,阪神本線,ハンシンホンセン,阪神本線,,,,135.33881453343600,34.72713808988930,11,0,35001
35002,25,阪神なんば線,ハンシンナンバセン,阪神なんば線,,,,135.45421802017400,34.694375856270900,13,0,35002
35003,25,阪神武庫川線,ハンシンムコガワセン,阪神武庫川線,,,,135.37922457275400,34.71224332796690,15,0,35003
36001,26,西鉄天神大牟田線,ニシテツテンジンオオムタセン,西鉄天神大牟田線,,,,130.469530100445,33.33736616073840,10,0,36001
36002,26,西鉄太宰府線,ニシテツダザイフセン,西鉄太宰府線,,,,130.52547098942400,33.51078066666700,14,0,36002
36003,26,西鉄甘木線,ニシテツアマギセン,西鉄甘木線,,,,130.60003945768600,33.37457969825720,12,0,36003
36004,26,西鉄貝塚線,ニシテツカイヅカセン,西鉄貝塚線,,,,130.4465090625,33.71197663033310,12,0,36004
99101,101,札幌市営地下鉄東西線,サッポロシエイチカテツトウザイセン,札幌市営地下鉄東西線,#F39800,,,141.37728389702000,43.056549405485200,11,0,99101
99102,101,札幌市営地下鉄南北線,サッポロシエイチカテツトナンボクセン,札幌市営地下鉄南北線,#008000,,,141.34333221386700,43.06454353902910,12,0,99102
99103,101,札幌市営地下鉄東豊線,サッポロシエイチカテツトウホウセン,札幌市営地下鉄東豊線,#90D7EC,,,141.37309843652300,43.071952122475800,12,0,99103
99104,101,札幌市電山鼻線,サッポロシデンヤマハナセン,札幌市電山鼻線,,,,141.3441982951430,43.046839819187600,14,0,99104
99105,102,函館市電２系統,ハコダテシデンニケイトウ,函館市電２系統,,,,140.74738524246600,41.78054065694650,13,0,99105
99106,102,函館市電５系統,ハコダテシデンゴケイトウ,函館市電５系統,,,,140.74372620057900,41.779569127970500,13,0,99106
99107,103,ふるさと銀河線,フルサトギンガセン,北海道ちほく高原鉄道ふるさと銀河線,,,,143.640036126425,43.42292394680050,9,2,99107
99201,104,津軽鉄道線,ツガルテツドウセン,津軽鉄道線,,,,140.4475315462210,40.89185142491710,11,0,99201
99202,105,弘南鉄道弘南線,コウナンテツドウコウナンセン,弘南鉄道弘南線,,,,140.54871349870100,40.61175481671140,12,0,99202
99203,105,弘南鉄道大鰐線,コウナンテツドウオオワニセン,弘南鉄道大鰐線,,,,140.50905324072300,40.56021151959360,12,0,99203
99204,106,十和田観光電鉄,トワダカンコウデンテツ,十和田観光電鉄,,,,141.2927016740080,40.64340822784740,12,2,99204
99205,107,いわて銀河鉄道線,イワテギンガテツドウセン,いわて銀河鉄道線,#03459a,,,141.1880520152760,40.04965780485650,10,0,99205
99206,108,青い森鉄道線,アオイモリテツドウセン,青い森鉄道線,#33cbf4,,,141.05217915069200,40.663221607630100,9,0,99206
99207,109,三陸鉄道北リアス線,サンリクテツドウキタリアスセン,三陸鉄道北リアス線,,,,141.85979926757800,39.91336094280290,10,2,99207
99208,109,三陸鉄道リアス線,サンリクテツドウリアスセン,三陸鉄道リアス線,,,,141.8071144449220,39.68226415362110,9,0,99208
99209,110,秋田内陸線,アキタナイリクセン,秋田内陸縦貫鉄道秋田内陸線,,,,140.46893411024800,39.91759531305780,10,0,99209
99210,111,鳥海山ろく線,チョウカイサンロクセン,由利高原鉄道鳥海山ろく線,,,,140.0943787923140,39.315005300556000,11,0,99210
99211,112,フラワー長井線,ヤマガタテツドウフラワーナガイセン,山形鉄道フラワー長井線,,,,140.0824240402140,38.12608278856650,12,0,99211
99212,113,くりはら田園鉄道線,クリハラデンエンテツドウセン,くりはら田園鉄道線,,,,141.03326683593800,38.81574934992100,11,2,99212
99213,114,阿武隈急行線,アブクマキュウコウセン,阿武隈急行線,,,,140.66291748632800,37.91917559631480,11,0,99213
99214,115,仙台市営地下鉄南北線,センダイシエイチカテツナンボクセン,仙台市営地下鉄南北線,#009900,,,140.87999335138800,38.27625168030140,12,0,99214
99218,115,仙台市営地下鉄東西線,センダイシエイチカテツトウザイセン,仙台市営地下鉄東西線,#90D7EC,,,140.88815689086900,38.26109769288550,12,0,99214
99215,116,福島交通飯坂線,フクシマシエイコウツウイイザカセン,福島交通飯坂線,,,,140.45316386247100,37.795161572067800,13,0,99215
99216,117,会津鉄道会津線,アイヅテツドウアイヅセン,会津鉄道会津線,,,,139.8480479682870,37.2867595144806,10,0,99216
99217,118,仙台空港線,センダイクウコウセン,仙台空港鉄道仙台空港線,,,,140.90579885449200,38.161795240604700,13,0,99217
99301,119,都営大江戸線,トエイオオエドセン,都営大江戸線,#B6007A,,,139.7137041757580,35.707546227112400,12,0,99301
99302,119,都営浅草線,トエイアサクサセン,都営浅草線,#E85298,,,139.75860382724600,35.66226194441650,12,0,99302
99303,119,都営三田線,トエイミタセン,都営三田線,#0079C2,,,139.7032176242070,35.71883584494030,12,0,99303
99304,119,都営新宿線,トエイシンジュクセン,都営新宿線,#6CBB5A,,,139.80940398416900,35.689174794941500,11,0,99304
99305,119,都電荒川線,トデンアラカワセン,都営都電荒川線,#EE86A7,,,139.74861502275400,35.73501692578010,13,0,99305
99342,119,日暮里・舎人ライナー,ニッポリ・トネリライナー,日暮里・舎人ライナー,#FF69B4,,,139.76949647740900,35.781825686122100,12,0,99305
99306,120,秩父鉄道秩父本線,チチブテツドウチチブホンセン,秩父鉄道秩父本線,,,,139.20681388130400,36.10099529539960,10,0,99306
99307,121,埼玉高速鉄道線,サイタマコウソクテツドウセン,埼玉高速鉄道線,,,,139.72701598339800,35.842332681291400,12,0,99307
99308,122,いすみ線,イスミセン,いすみ鉄道いすみ線,#ffd400,,,140.29133946832700,35.26741095082190,12,0,99308
99309,123,つくばエクスプレス,ツクバエクスプレス,首都圏新都市鉄道つくばエクスプレス,,,,139.93750930625000,35.90577190655730,10,0,99309
99310,124,みなとみらい線,ミナトミライセン,みなとみらい21線,#09357F,,,139.63609880159200,35.45568263801600,14,0,99310
99311,125,ゆりかもめ,ユリカモメ,ゆりかもめ東京臨海新交通臨海線,#27404E,,,139.77494982373000,35.64286984685860,13,0,99311
99312,126,わたらせ渓谷線,ワタラセケイコクセン,わたらせ渓谷鐵道わたらせ渓谷線,,,,139.35075580181900,36.533240247884100,11,0,99312
99313,127,ユーカリが丘線,ユーガリガオカセン,山万ユーカリが丘線,#2f9d66,,,140.15304849735800,35.73088307488000,15,0,99313
99314,128,伊豆箱根鉄道大雄山線,イズハコネテツドウダイユウザンセン,伊豆箱根鉄道大雄山線,,,,139.1309474192680,35.289398083333000,13,0,99314
99502,128,伊豆箱根鉄道駿豆線,イズハコネテツドウスンズセン,伊豆箱根鉄道駿豆線,,,,138.93156063529500,35.056607988173400,12,0,99502
99315,129,ひたちなか海浜鉄道湊線,ヒタチナカカイヒンテツドウミナトセン,ひたちなか海浜鉄道湊線,,,,140.5729551640100,36.37147622741150,12,0,99315
99316,130,ブルーライン,ブルーライン,横浜市高速鉄道1号線・3号線,#006BF0,,,139.5514822958990,35.487767502140700,11,0,99316
99343,130,グリーンライン,グリーンライン,横浜市高速鉄道4号線,#40CC40,,,139.58693689521500,35.54724579840770,13,0,99316
99317,131,金沢シーサイドライン,カナザワシーサイドライン,横浜新都市交通金沢シーサイドライン,#F68B1E,,,139.63114433063200,35.36215674895550,13,0,99317
99318,132,関東鉄道常総線,カントウテツドウジョウソウセン,関東鉄道常総線,,,,139.99013930492200,36.119885050384900,10,0,99318
99319,132,関東鉄道竜ヶ崎線,カントウテツドウリュウガサキセン,関東鉄道竜ヶ崎線,,,,140.1573066931150,35.91893164719260,13,0,99319
99320,133,江ノ島電鉄線,エノシマデンテツセン,江ノ島電鉄線,,,,139.5124071047850,35.32608820262840,13,0,99320
99321,134,ニューシャトル,ニューシャトル,埼玉新都市交通伊奈線,#FFFF00,,,139.6162807708510,35.96269513473070,12,0,99321
99322,135,鹿島鉄道線,カシマテツドウセン,鹿島鉄道線,,,,140.39112930413800,36.158972272735900,12,2,99322
99323,136,鹿島臨海鉄道大洗鹿島線,カシマリンカイテツドウオオアライカシマセン,鹿島臨海鉄道大洗鹿島線,,,,140.54283357226600,36.18730568179130,10,0,99323
99324,137,芝山鉄道線,シバヤマテツドウセン,芝山鉄道線,#00a650,,,140.39236169311500,35.7635624338256,14,0,99324
99325,138,小湊鉄道線,コミナトテツドウセン,小湊鉄道線,,,,140.12739861631500,35.395848485771700,11,0,99325
99326,139,湘南モノレール,ショウナンモノレール,湘南モノレール,,,,139.51024462500000,35.332232488316000,13,0,99326
99327,140,上信電鉄,ジョウシンデンテツ,上信電鉄,,,,138.91563430781300,36.26619008152530,11,0,99327
99328,141,上毛電気鉄道上毛線,ジョウモウデンキテツドウジョウモウセン,上毛電気鉄道上毛線,,,,139.1911682539060,36.41704837902680,11,0,99328
99329,142,新京成線,シンケイセイセン,新京成電鉄新京成線,,,,139.97042634375000,35.759050705693500,12,0,99329
99330,143,真岡鐵道真岡線,モオカテツドウモオカセン,真岡鐵道真岡線,,,,140.04268148610200,36.44502032664950,11,0,99330
99331,144,千葉都市モノレール１号線,チバトシモノレールイチゴウセン,千葉都市モノレール１号線,#2843BA,,,140.1131078677200,35.60826509181120,14,0,99331
99332,144,千葉都市モノレール２号線,チバトシモノレールニゴウセン,千葉都市モノレール２号線,#2843BA,,,140.14108576680400,35.62639176639850,13,0,99332
99333,145,流鉄流山線,リュウテツナガレヤマセン,流鉄流山線,,,,139.91199264550800,35.83792664205620,13,0,99333
99334,146,多摩モノレール,タマモノレール,多摩都市モノレール線,#FF6633,,,139.42169850770800,35.69743141486100,12,0,99334
99335,147,銚子電鉄線,チョウシデンテツセン,銚子電気鉄道線,,,,140.84740317246100,35.71912821238160,13,0,99335
99336,148,東京モノレール,トウキョウモノレール,東京モノレール羽田空港線,#003686,,,139.76328619095800,35.59102280877390,12,0,99336
99337,149,りんかい線,リンカイセン,東京臨海高速鉄道りんかい線,,,,139.7661296428220,35.62373301157320,13,0,99337
99338,150,東葉高速線,トウヨウコウソクセン,東葉高速鉄道東葉高速線,#66CC00,,,140.03804726443000,35.71906100000000,12,0,99338
99339,151,箱根登山鉄道鉄道線,ハコネトザンテツドウテツドウセン,箱根登山鉄道鉄道線,,,,139.09949102312900,35.24597908562160,12,0,99339
99344,151,箱根登山ケーブルカー,ハコネトザンケーブルカー,箱根登山鉄道鋼索線,,,,139.04142379760700,35.248167,15,0,99344
99340,152,北総鉄道北総線,ホクソウテツドウホクソウセン,北総鉄道北総線,,,,140.03784499075200,35.783462858466100,11,0,99340
99341,153,ほっとスパ・ライン,ホットスパライン,野岩鉄道会津鬼怒川線,,,,139.70133274067100,36.98733557444940,11,0,99341
99401,154,富士急行線,フジキュウコウセン,富士急行線,,,,138.86075605024100,35.553671122983800,12,0,99401
99402,155,北越急行ほくほく線,ホクエツキュウコウホクホクセン,北越急行ほくほく線,,,,138.59099433333000,37.13966175491370,10,0,99402
99403,156,しなの鉄道線,シナノテツドウセン,しなの鉄道線,#f0a401,,,138.31742924146700,36.419423909335200,10,0,99403
99427,156,北しなの線,キタシナノセン,北しなの線,#999966,,,138.21050165919600,36.755306038955500,11,0,99403
99404,157,上田電鉄別所線,ウエダデンテツベッショセン,上田電鉄別所線,,,,138.2109222560840,36.37625258348020,13,0,99404
99405,158,長野電鉄長野線,ナガノデンテツナガノセン,長野電鉄長野線,,,,138.30425232812500,36.70185930258750,11,0,99405
99406,158,長野電鉄屋代線,ナガノデンテツヤシロセン,長野電鉄屋代線,,,,138.21193550511100,36.59924925239540,12,2,99406
99407,159,上高地線,カミコウチセン,アルピコ交通上高地線,,,,137.89738246819600,36.21371737909470,12,0,99407
99408,160,富山地鉄本線,トヤマチテツホンセン,富山地鉄本線,,,,137.38976132822900,36.78988243597420,11,0,99408
99409,160,富山地鉄立山線,トヤマチテツタテヤマセン,富山地鉄立山線,,,,137.37055082296000,36.63259703593660,12,0,99409
99410,160,富山地鉄不二越・上滝線,トヤマチテツフジコシ・カミダキセン,富山地鉄不二越・上滝線,,,,137.25252600319300,36.65497801427260,12,0,99410
99413,160,富山地鉄市内線【１・２系統】,トヤマチテツシナイセン,富山地鉄市内線,,,,137.2104899362310,36.68749218887860,14,0,99413
99422,160,富山地鉄富山都心線【３系統(環状線)】,トヤマチテツトヤマトシンセン,富山地鉄富山都心線,,,,137.21288681030300,36.6955391541321,15,0,99413
99415,160,富山港線,トヤマコウセン,富山港線,,,,137.23409,36.761212,13,0,99415
99411,161,神岡鉄道神岡線,カミオカテツドウカミオカセン,神岡鉄道神岡線,,,,137.27280775390600,36.404333174001500,12,2,99411
99412,162,黒部峡谷鉄道本線,クロベキョウコクテツドウホンセン,黒部峡谷鉄道本線,,,,137.62933635449200,36.771398208953400,12,0,99412
99414,163,万葉線,マンヨウセン,万葉線,,,,137.05198785927700,36.76865393498100,13,0,99414
99416,165,北陸鉄道石川線,ホクリクテツドウイシカワセン,北陸鉄道石川線,,,,136.62763019846000,36.50748930559930,12,0,99416
99417,165,北陸鉄道浅野川線,ホクリクテツドウアサノガワセン,北陸鉄道浅野川線,,,,136.64124453303700,36.61101107753480,13,0,99417
99418,166,のと鉄道七尾線,ノトテツドウナナオセン,のと鉄道七尾線,,,,136.90441537109400,37.12448506777650,11,0,99418
99419,167,えちぜん鉄道勝山永平寺線,エチゼンテツドウカツヤマエイヘイジセン,えちぜん鉄道勝山永平寺線,,,,136.35136147537600,36.08641897711260,11,0,99419
99420,167,えちぜん鉄道三国芦原線,エチゼンテツドウミクニアワラセン,えちぜん鉄道三国芦原線,,,,136.19195268868600,36.162791926784600,11,0,99420
99421,168,福井鉄道福武線,フクイテツドウフクブセン,福井鉄道福武線,,,,136.20680539160200,36.01077557427890,12,0,99421
99501,169,伊豆急行線,イズキュウコウセン,伊豆急行線,,,,139.04158977539100,34.82442965825600,11,0,99501
99503,170,岳南鉄道線,ガクナンテツドウセン,岳南鉄道線,,,,138.7141213772460,35.15955767005040,13,0,99503
99504,171,静岡鉄道静岡清水線,シズオカテツドウシズオカシミズセン,静岡鉄道静岡清水線,,,,138.43905812174800,34.99815891362700,12,0,99504
99505,172,天竜浜名湖線,テンリュウハマナコセン,天竜浜名湖鉄道天竜浜名湖線,,,,137.73047117968700,34.82776371640630,10,0,99505
99506,173,遠州鉄道鉄道線,エンシュウテツドウテツドウセン,遠州鉄道鉄道線,,,,137.7761985291930,34.78157170063820,12,0,99506
99507,174,大井川鐵道大井川本線,オオイガワテツドウオオイガワホンセン,大井川鐵道大井川本線,,,,138.10725218575600,34.96974306611440,11,0,99507
99508,174,南アルプスあぷとライン,ミナミアルプスアプトライン,大井川鐵道井川線,,,,138.16176092857000,35.168191519026200,12,0,99508
99509,175,あおなみ線,アオナミセン,西名古屋港線,,,,136.86506338192600,35.12536651434050,12,0,99509
99510,176,東海交通事業城北線,トウカイコウツウジギョウジョウホクセン,東海交通事業城北線,,,,136.89666252116200,35.229299962292500,13,0,99510
99511,177,愛知環状鉄道線,アイチカンジョウテツドウセン,愛知環状鉄道線,#000066,,,137.12218816694600,35.12130634026480,10,0,99511
99512,178,リニモ,リニモ,東部丘陵線,#164CA2,,,137.060015783037,35.171156191479300,13,0,99512
99513,179,名古屋市営地下鉄東山線,ナゴヤシエイチカテツヒガシヤマセン,名古屋市営地下鉄東山線,#FFCC00,菜種色,,136.92263373614900,35.16914033244780,12,0,99513
99514,179,名古屋市営地下鉄名城線,ナゴヤシエイチカテツメイジョウセン,名古屋市営地下鉄名城線,#9B74C1,藤色,,136.93289743917100,35.1605437168792,12,0,99514
99515,179,名古屋市営地下鉄名港線,ナゴヤシエイチカテツメイコウセン,名古屋市営地下鉄名港線,#9B74C1,藤色,,136.88966853969200,35.12510133132910,13,0,99515
99516,179,名古屋市営地下鉄鶴舞線,ナゴヤシエイチカテツツルマイセン,名古屋市営地下鉄鶴舞線,#04ACDD,水色,,136.93611688203100,35.17099010899120,12,0,99516
99517,179,名古屋市営地下鉄桜通線,ナゴヤシエイチカテツサクラドオリセン,名古屋市営地下鉄桜通線,#FF0000,赤,,136.9382243862810,35.14066755400130,12,0,99517
99518,179,名古屋市営地下鉄上飯田線,ナゴヤシエイチカテツカミイイダセン,名古屋市営地下鉄上飯田線,#FF66C4,桃色,,136.929713,35.201222076956200,15,0,99518
99519,180,ピーチライナー,ピーチライナー,桃花台新交通,,,,136.95855506878200,35.29823353105300,13,2,99519
99520,181,豊橋鉄道渥美線,トヨハシテツドウアツミセン,豊橋鉄道渥美線,,,,137.33036072802700,34.703541677659900,12,0,99520
99521,181,豊橋鉄道東田本線,トヨハシテツドウアヅマダホンセン,豊橋鉄道東田本線,,,,137.4057545608570,34.76500605932440,14,0,99521
99522,181,豊橋鉄道運動公園前線,トヨハシテツドウウンドウコウエンマエセン,豊橋鉄道運動公園前線,,,,137.42205658465600,34.76186984458540,16,2,99522
99523,182,ゆとりーとライン,ユトリートライン,ガイドウェイバス志段味線,,,,136.96119786772800,35.20558123227160,13,0,99523
99524,183,明知鉄道明知線,アケチテツドウアケチセン,明知鉄道明知線,,,,137.4120125492270,35.38280304135590,12,0,99524
99525,184,長良川鉄道越美南線,ナガラガワテツドウエツミナンセン,長良川鉄道越美南線,,,,136.92720763620700,35.71007663979840,10,0,99525
99526,185,樽見鉄道樽見線,タルミテツドウタルミセン,樽見鉄道樽見線,,,,136.62831882052100,35.51524593869540,11,0,99526
99528,186,三岐鉄道三岐線,サンギテツドウサンギセン,三岐鉄道三岐線,,,,136.5441360231740,35.087472444993300,11,0,99528
99529,186,三岐鉄道北勢線,サンギテツドウホクセイセン,三岐鉄道北勢線,,,,136.5984984427260,35.094626678728600,12,0,99529
99530,187,伊勢鉄道伊勢線,イセテツドウイセセン,伊勢鉄道伊勢線,,,,136.5523657820310,34.833916164215800,12,0,99530
99531,188,伊賀鉄道伊賀線,イガテツドウイガセン,伊賀鉄道伊賀線,,,,136.13962606612400,34.733360528717500,12,0,99531
99532,189,養老鉄道養老線,ヨウロウテツドウヨウロウセン,養老鉄道養老線,,,,136.62239938636200,35.26596009287490,11,0,99532
99601,190,近江鉄道本線,オウミテツドウホンセン,近江鉄道本線,,,,136.2109757614450,35.15504248537260,10,0,99601
99602,190,近江鉄道多賀線,オウミテツドウタガセン,近江鉄道多賀線,,,,136.26770142326200,35.23325260938310,14,0,99602
99603,190,近江鉄道八日市線,オウミテツドウヨウカイチセン,近江鉄道八日市線,,,,136.15042189410800,35.11096374406690,13,0,99603
99604,191,信楽高原鐵道信楽線,シガラキコウゲンテツドウシガラキセン,信楽高原鐵道信楽線,,,,136.09384466406300,34.91316864913640,12,0,99604
99605,192,嵯峨野観光線,サガノカンコウセン,嵯峨野観光線,,,,135.6516843955080,35.02158814152900,12,0,99605
99606,193,叡山電鉄叡山本線,エイザンデンテツエイザンホンセン,叡山電鉄叡山本線,,,,135.79087965808100,35.050004221782500,13,0,99606
99607,193,叡山電鉄鞍馬線,エイザンデンテツクラマセン,叡山電鉄鞍馬線,,,,135.77897739580100,35.086168813683600,13,0,99607
99608,194,宮福線,ミヤフクセン,宮福線,,,,135.1450786402020,35.42665060734550,11,0,99608
99609,194,宮豊線,ミヤトヨセン,宮豊線,,,,135.02146714367000,35.580096660320100,10,0,99609
99653,194,宮舞線,ミヤマイセン,宮舞線,,,,135.2654790552330,35.499724785792100,11,0,99609
99610,195,京都市営地下鉄烏丸線,キョウトシエイチカテツカラスマセン,京都市営地下鉄烏丸線,#66CC99,,,135.76556730478500,35.01633354109120,12,0,99610
99611,195,京都市営地下鉄東西線,キョウトシエイチカテツトウザイセン,京都市営地下鉄東西線,#FF6600,,,135.76612153489400,34.97917107848440,12,0,99611
99612,196,京福電鉄嵐山本線,ケイフクデンテツアラシヤマホンセン,京福電鉄嵐山本線,#CC0033,,,135.7102577977370,35.01271349692730,13,0,99612
99613,196,京福電鉄北野線,ケイフクデンテツキタノセン,京福電鉄北野線,#6666CC,,,135.71240194707400,35.025937048312100,14,0,99613
99614,197,北大阪急行電鉄,キタオオサカキュウコウデンテツ,北大阪急行電鉄,,,,135.49546160449200,34.78992723920360,13,0,99614
99616,198,泉北高速鉄道線,センボクコウソクテツドウセン,泉北高速鉄道線,,,,135.48923516667000,34.50927755893810,12,0,99616
99617,199,水間鉄道水間線,ミズマテツドウミズマセン,水間鉄道水間線,,,,135.3691331269530,34.428011288824400,13,0,99617
99626,201,大阪モノレール線,オオサカモノレールセン,大阪モノレール線,,青,,135.52449542857000,34.789061357143000,12,0,99626
99627,201,大阪モノレール彩都線,オオサカモノレールサイトセン,国際文化公園都市線,,青,,135.52708881796900,34.83077567131580,13,0,99627
99628,202,阪堺電軌上町線,ハンカイデンキウエマチセン,阪堺電軌上町線,,紺,,135.50418701828600,34.62745794872430,14,0,99628
99629,202,阪堺電軌阪堺線,ハンカイデンキハンカイセン,阪堺電軌阪堺線,,緑,,135.48094140579100,34.5988702791658,12,0,99629
99630,203,神戸高速東西線,コウベコウソクトウザイセン,神戸高速東西線,,青,,135.17274029101600,34.6779566632106,13,0,99630
99631,203,神戸高速南北線,コウベコウソクナンボクセン,神戸高速南北線,,青,,135.16738643121300,34.67788462880590,16,0,99631
99632,204,有馬線,アリマセン,神鉄有馬線,,朱,,135.18505692566800,34.75245997145680,12,0,99632
99633,204,三田線,サンダセン,神鉄三田線,#0079C2,朱,,135.22213786347700,34.85009861306200,12,0,99633
99634,204,公園都市線,コウエントシセン,神鉄公園都市線,,朱,,135.20684257405300,34.89567763883960,13,0,99634
99635,204,粟生線,アオセン,神鉄粟生線,,朱,,135.01903507246100,34.79456505836290,11,0,99635
99637,206,山陽電鉄本線,サンヨウデンテツホンセン,山陽電鉄本線,,赤,,134.884141666785,34.747293594959300,10,0,99637
99638,206,山陽電鉄網干線,サンヨウデンテツアボシセン,山陽電鉄網干線,,赤,,134.62899303704400,34.796193571429000,13,0,99638
99615,207,能勢電鉄妙見線,ノセデンテツミョウケンセン,能勢電鉄妙見線,,,,135.42379891800600,34.872305222944900,12,0,99640
99640,207,能勢電鉄日生線,ノセデンテツニッセイセン,能勢電鉄日生線,,あずき,,135.402694,34.90081280377900,14,0,99640
99642,208,三木鉄道三木線,ミキテツドウミキセン,三木鉄道三木線,,水色,,134.93909084125700,34.798604666544800,13,2,99642
99643,209,北条鉄道北条線,ホウジョウテツドウホウジョウセン,北条鉄道北条線,,青紫,,134.86388578710900,34.89497887938060,12,0,99643
99644,210,智頭急行智頭線,チズキュウコウチズセン,智頭急行智頭線,,紺,,134.3268127751090,35.094418544210300,10,0,99644
99636,211,北神線,ホクシンセン,神戸市営地下鉄北神線,#9a6e5f,ゴールド,,135.17142,34.761691,12,0,99636
99645,211,神戸市営地下鉄西神線,コウベシエイチカテツセイシンセン,神戸市営地下鉄西神線,#01AF98,緑,,135.06888940733100,34.68307241667750,12,0,99645
99646,211,神戸市営地下鉄山手線,コウベシエイチカテツヤマテセン,神戸市営地下鉄山手線,#01AF98,緑,,135.1714744477540,34.6803221227098,13,0,99646
99647,211,夢かもめ,ユメカモメ,神戸市営地下鉄海岸線,#0388C0,青,,135.1688599179690,34.670659049227500,13,0,99647
99648,212,ポートライナー,ポートライナー,神戸新交通ポートアイランド線,#07502B,オレンジ,,135.21260397883800,34.670333538697800,13,0,99648
99649,212,六甲ライナー,ロッコウライナー,神戸新交通六甲アイランド線,#07502B,エメラルド,,135.26778466667000,34.70298944416580,14,0,99649
99650,213,紀州鉄道線,キシュウテツドウセン,紀州鉄道線,,紺,,135.1561255375730,33.895428111877000,14,0,99650
99651,214,貴志川線,キシガワセン,和歌山電鐵貴志川線,,赤,,135.24080185449200,34.22928668108550,12,0,99651
99701,215,若桜線,ワカサセン,若桜鉄道若桜線,,,,134.30236431217800,35.37899166666700,12,0,99701
99702,216,北松江線,キタマツエセン,一畑電車北松江線,,,,132.89720223828100,35.4577473696989,11,0,99702
99703,216,大社線,タイシャセン,一畑電車大社線,,,,132.7302838910160,35.38956500684400,12,0,99703
99704,217,水島本線,ミズシマホンセン,水島臨海鉄道水島本線,,,,133.7478599137700,34.56420735349220,13,0,99704
99705,218,井原線,イバラセン,井原鉄道井原線,,,,133.55749144870100,34.61669576108980,11,0,99705
99706,219,東山線,ヒガシヤマセン,岡山電軌東山本線,#FFCC00,,,133.93158823068800,34.66244005774980,15,0,99706
99707,219,清輝橋線,セイキバシセン,岡山電軌清輝橋線,,,,133.92400867195400,34.65857080352660,15,0,99707
99708,220,スカイレールみどり坂線,スカイレールミドリザカセン,広島短距離交通瀬野線,,,,132.59332400529300,34.42745863778750,15,0,99708
99709,221,アストラムライン,アストラムライン,広島高速交通広島新交通1号線,,,,132.433582301476,34.43909912673890,12,0,99709
99710,222,広電１号線(宇品線),ヒロデンイチゴウセン,広電１号線(宇品線),,,,132.4635322328150,34.38007803057880,13,0,99710
99711,222,広電２号線(宮島線),ヒロデンニゴウセン,広電２号線(宮島線),,,,132.38582722414500,34.371507218075900,12,0,99711
99712,222,広電３号線,ヒロデンサンゴウセン,広電３号線,,,,132.45244206002100,34.38152249800240,13,0,99712
99713,222,広電５号線(皆実線),ヒロデンゴゴウセン,広電５号線(皆実線),,,,132.46766591799500,34.37814055001290,13,0,99713
99714,222,広電６号線(江波線),ヒロデンロクゴウセン,広電６号線(江波線),,,,132.45429202036100,34.38857228507070,14,0,99714
99715,222,広電７号線,ヒロデンナナゴウセン,広電７号線,,,,132.4528158105760,34.39504706235790,14,0,99715
99716,222,広電８号線(横川線),ヒロデンハチゴウセン,広電８号線(横川線),,,,132.44276496691900,34.39115629199650,14,0,99716
99717,222,広電９号線(白島線),ヒロデンキュウゴウセン,広電９号線(白島線),,,,132.4641666931150,34.40080871767490,15,0,99717
99718,223,錦川清流線,ニシキガワセイリュウセン,錦川鉄道錦川清流線,,,,132.05904670768600,34.20744595108850,11,0,99718
99801,224,阿波室戸シーサイドライン,アサムロトシーサイドライン,阿佐海岸鉄道阿佐東線,#3C9CFF,,,134.31125740739300,33.57350416961640,13,0,99801
99802,225,琴電琴平線,コトデンコトヒラセン,琴電琴平線,#FFD700,,,133.96214399465400,34.262127612871100,11,0,99802
99803,225,琴電長尾線,コトデンナガオセン,琴電長尾線,#009999,,,134.09736721950800,34.307010048819300,12,0,99803
99804,225,琴電志度線,コトデンシドセン,琴電志度線,#FF3366,,,134.1165716035160,34.345151934387700,12,0,99804
99805,226,伊予鉄道郡中線,イヨテツドウグンチュウセン,伊予鉄道郡中線,,,,132.72982015348600,33.80853562434980,12,0,99805
99806,226,伊予鉄道高浜線,イヨテツドウタカハマセン,伊予鉄道高浜線,,,,132.72769552695300,33.863703568848000,13,0,99806
99807,226,伊予鉄道横河原線,イヨテツドウヨコガワラセン,伊予鉄道横河原線,,,,132.82353333014700,33.81259212826530,12,0,99807
99808,226,伊予鉄道環状線,イヨテツドウカンジョウセン,伊予鉄道１系統,,,,132.76223714813000,33.84489561752770,14,0,99808
99809,226,伊予鉄道環状線,イヨテツドウカンジョウセン,伊予鉄道２系統,,,,132.76266630157300,33.84375502537700,15,0,99809
99810,226,伊予鉄道市駅線,イヨテツドウシエキセン,伊予鉄道３系統,,,,132.77226810677900,33.84300174199300,14,0,99810
99811,226,伊予鉄道松山駅前線,イヨテツドウマツヤマエキマエセン,伊予鉄道５系統,,,,132.7686248624270,33.843611419008700,14,0,99811
99812,226,伊予鉄道本町線,イヨテツドウホンマチセン,伊予鉄道６系統,,,,132.7694636455080,33.8480866024301,14,0,99812
99814,227,中村線,ナカムラセン,土佐くろしお鉄道中村線,,,,133.04988572057600,33.09467023474290,11,0,99814
99815,227,宿毛線,スクモセン,土佐くろしお鉄道宿毛線,,,,132.8310544980470,32.962600483511400,11,0,99815
99816,227,ごめん・なはり線,ゴメン・ナハリセン,土佐くろしお鉄道ごめん・なはり線,,,,133.82521650898400,33.51597712191060,11,0,99816
99817,228,ごめん線,ゴメンセン,土佐電鉄ごめん線,,,,133.59933624726300,33.56862858766870,13,0,99817
99818,228,伊野線,イノセン,土佐電鉄伊野線,,,,133.49190174651300,33.55242239209250,12,0,99818
99819,228,桟橋線,サンバシセン,土佐電鉄桟橋線,,,,133.54655881818000,33.55246841151920,14,0,99819
99901,229,甘木鉄道,アマギテツドウ,甘木鉄道,,,,130.58818008176200,33.41617992560380,12,0,99901
99902,230,伊田線,イダセン,平成筑豊鉄道伊田線,,,,130.7604366115920,33.700854533802000,12,0,99902
99903,230,糸田線,イトダセン,平成筑豊鉄道糸田線,,,,130.78873194181600,33.65906880564920,13,0,99903
99904,230,田川線,タガワセン,平成筑豊鉄道田川線,,,,130.9010037211910,33.666047994427300,12,0,99904
99928,230,門司港レトロ観光線,モジコウレトロカンコウセン,平成筑豊鉄道門司港レトロ観光線,,,,130.9659487989500,33.95269437674,15,0,99904
99905,231,福岡市営地下鉄空港線,フクオカシエイチカテツクウコウセン,福岡市営地下鉄空港線,#FFA500,,,130.383812849381,33.593568374055000,12,0,99905
99906,231,福岡市営地下鉄箱崎線,フクオカシエイチカテツハコザキセン,福岡市営地下鉄箱崎線,#00BFFF,,,130.4171162698410,33.61482657019070,14,0,99906
99907,231,福岡市営地下鉄七隈線,フクオカシエイチカテツナナクマセン,福岡市営地下鉄七隈線,#228B22,,,130.3667893544920,33.56708270016190,13,0,99907
99908,232,北九州モノレール,キタキュウシュウモノレール,北九州高速鉄道,,,,130.87351064873900,33.85609519990150,13,0,99908
99909,233,筑豊電気鉄道線,チクホウデンキテツドウセン,筑豊電気鉄道線,,,,130.7319842222060,33.8242559986339,12,0,99909
99910,234,西九州線(有田～伊万里),ニシキュウシュウセン,松浦鉄道西九州線(有田～伊万里),,,,129.8679219370520,33.22886096738500,12,0,99910
99911,234,西九州線(伊万里～佐世保),ニシキュウシュウセン,松浦鉄道西九州線(伊万里～佐世保),,,,129.7346398134580,33.28337205382690,11,0,99911
99912,235,島原鉄道線,シマバラテツドウセン,島原鉄道線,,,,130.19199456365600,32.76827488291590,11,0,99912
99913,236,長崎電軌１系統,ナガサキデンキイチゴウケイトウ,長崎電軌１系統,,,,129.86838866057200,32.7687290405174,13,0,99913
99914,236,長崎電軌３系統,ナガサキデンキサンゴウケイトウ,長崎電軌３系統,,,,129.8705407857230,32.768162520725300,13,0,99914
99915,236,長崎電軌４系統,ナガサキデンキヨンゴウケイトウ,長崎電軌４系統,,,,129.88416479895000,32.74760460000000,15,0,99915
99916,236,長崎電軌５系統,ナガサキデンキゴゴウケイトウ,長崎電軌５系統,,,,129.88161026191900,32.745533918802300,14,0,99916
99917,237,熊本電鉄本線,クマモトデンテツホンセン,熊本電鉄本線,,,,130.72980683270700,32.8506222457373,13,0,99917
99918,237,熊本電鉄上熊本線,クマモトデンテツカミクマモトセン,熊本電鉄上熊本線,,,,130.70907904760700,32.823570912231100,14,0,99918
99919,238,高森線,タカモリセン,南阿蘇鉄道高森線,,,,131.0451261359380,32.84393956616180,12,0,99919
99920,239,湯前線,ユノマエセン,くま川鉄道湯前線,,,,130.88113566406300,32.23914364285700,11,0,99920
99921,240,肥薩おれんじ鉄道線,ヒサツオレンジテツドウセン,肥薩おれんじ鉄道線,#ffa500,,,130.39137274078800,32.16841796835530,10,0,99921
99922,241,熊本市電Ａ系統,クマモトシデンエーライン,熊本市電Ａ系統,,,,130.72211009870600,32.79104219552130,13,0,99922
99923,241,熊本市電Ｂ系統,クマモトシデンビーライン,熊本市電Ｂ系統,,,,130.7203425727540,32.79798979396810,13,0,99923
99925,242,鹿児島市電１系統,カゴシマシデンイチケイトウ,鹿児島市電１系統,,,,130.5431421798540,31.563710494242600,13,0,99925
99926,242,鹿児島市電２系統,カゴシマシデンニケイトウ,鹿児島市電２系統,,,,130.5507183910160,31.581543618004000,14,0,99926
99927,243,ゆいレール,ユイレール,沖縄都市モノレール線,#E70F3F,,,127.68810912275400,26.212293793440100,13,0,99927
99423,244,日本海ひすいライン,ニホンカイヒスイライン,日本海ひすいライン,#3782bd,,,138.00562843680400,37.09275022236880,10,0,99417
99424,244,妙高はねうまライン,ミョウコウハネウマライン,妙高はねうまライン,#35c98e,,,138.00562843680400,37.09275022236880,10,0,99417
99425,245,あいの風とやま鉄道線,アイノカゼトヤマテツドウセン,あいの風とやま鉄道線,#00a556,,,137.21461293753200,36.684159937672000,10,0,99417
99426,246,IRいしかわ鉄道線,アイアールイシカワテツドウセン,IRいしかわ鉄道株式会社,#00a7e3,,,136.85206406749800,36.661886043477700,10,0,99417
31013,247,内部線,ウツベセン,内部線,,,,136.60513649804700,34.94951463470300,13,0,31013
31014,247,八王子線,ハチオウジセン,八王子線,,,,136.60779761377000,34.95820818544190,14,0,31014
99108,248,道南いさりび鉄道線,ドウナンイサリビテツドウセン,道南いさりび鉄道線,#246dac,,,140.5858612060550,41.72930517452590,11,0,99108
99618,249,大阪メトロ御堂筋線,オオサカメトロミドウスジセン,高速電気軌道第1号線,#FF0000,臙脂,,135.51183765507800,34.674645463964700,11,0,99618
99619,249,大阪メトロ谷町線,オオサカメトロタニマチセン,高速電気軌道第2号線,#800080,京紫,,135.55273192871100,34.67567107857250,12,0,99619
99620,249,大阪メトロ四つ橋線,オオサカメトロヨツバシセン,高速電気軌道第3号線,#0000FF,縹,,135.49365110919600,34.6579199592173,13,0,99620
99621,249,大阪メトロ中央線,オオサカメトロチュウオウセン,高速電気軌道第4号線,#008000,緑,,135.49574679359800,34.66777349393300,12,0,99621
99622,249,大阪メトロ千日前線,オオサカメトロセンニチマエセン,高速電気軌道第5号線,#FF00FF,紅梅,,135.51530017459800,34.676715098117400,13,0,99622
99623,249,大阪メトロ堺筋線,オオサカメトロサカイスジセン,高速電気軌道第6号線,#993300,マルーン,,135.50830001376900,34.67762311553100,13,0,99623
99624,249,大阪メトロ長堀鶴見緑地線,オオサカメトロナガホリツルミリョクチセン,高速電気軌道第7号線,#339966,萌黄,,135.5382456206930,34.69274887971050,12,0,99624
99652,249,大阪メトロ今里筋線,オオサカメトロイマザトスジセン,高速電気軌道第8号線,#FF6600,柑子,,135.55022387735200,34.71778192155540,13,0,99624
99625,249,大阪メトロ南港ポートタウン線,オオサカメトロナンコウポートタウンセン,大阪市高速電気軌道南港ポートタウン線,#00CCFF,セルリアンブルー,,135.44093093232400,34.62838186200800,13,0,99625